{"cameraMode":{"drawMode":0,"name":"Shaded","section":"Shading Mode"},"sceneLighting":true,"audioPlay":false,"sceneViewState":{"m_AlwaysRefresh":false,"showFog":true,"showSkybox":true,"showFlares":true,"showImageEffects":true,"showParticleSystems":true,"showVisualEffectGraphs":true,"m_FxEnabled":true},"in2DMode":false,"pivot":{"x":876.014892578125,"y":391.4083557128906,"z":1420.362548828125},"rotation":{"x":0.010752765461802483,"y":0.10118374973535538,"z":-0.0011125020682811738,"w":0.994824230670929},"size":1303.467041015625,"orthographic":false}